,knn,knn_pca,lr,lr_pca,rf,rf_pca
sample 1,2.7775378227233887,1.5199854373931885,0.0156557559967041,0.06286454200744629,4.610058784484863,4.8559839725494385
sample 2,2.9370765686035156,1.4926576614379883,0.015732288360595703,0.09415745735168457,4.536593198776245,4.338106155395508
sample 3,2.9256627559661865,1.5114541053771973,0.015729427337646484,0.09425067901611328,4.327928781509399,4.673691749572754
sample 4,2.734673500061035,1.5299999713897705,0.03125357627868652,0.06293439865112305,4.629631757736206,4.758420944213867
sample 5,2.8558688163757324,1.465749740600586,0.032176971435546875,0.057654619216918945,4.50613260269165,4.670340299606323
sample 6,2.792051076889038,1.5412273406982422,0.0,0.09376144409179688,4.636096954345703,4.700827121734619
sample 7,2.7297136783599854,1.1811270713806152,0.015616178512573242,0.06738734245300293,4.557229995727539,4.717815399169922
sample 8,2.7646589279174805,1.7040824890136719,0.03133964538574219,0.12622499465942383,4.8080220222473145,4.667144060134888
sample 9,2.748304843902588,1.5457804203033447,0.015643596649169922,0.0624997615814209,4.616641044616699,4.654893398284912
sample 10,2.787731170654297,1.4381325244903564,0.03775501251220703,0.07202029228210449,4.524112224578857,4.672513961791992
sample 11,2.8276796340942383,1.572920560836792,0.015527963638305664,0.06293845176696777,4.404560804367065,4.618002414703369
sample 12,2.8231587409973145,1.6102089881896973,0.01561427116394043,0.06289148330688477,4.690274477005005,4.7085654735565186
sample 13,2.7986032962799072,1.5290677547454834,0.03123784065246582,0.07856369018554688,4.568768501281738,4.651441335678101
sample 14,2.88512921333313,1.488776445388794,0.015661001205444336,0.12588810920715332,4.622094631195068,4.597167253494263
sample 15,2.7732627391815186,1.5314254760742188,0.015619754791259766,0.06291723251342773,4.906601667404175,4.5189149379730225
sample 16,2.730778455734253,1.6877286434173584,0.031267642974853516,0.09422659873962402,4.678967714309692,4.647507905960083
sample 17,2.7869181632995605,1.4599676132202148,0.013509511947631836,0.046885013580322266,4.6066834926605225,4.746162176132202
sample 18,2.7728347778320312,1.5262136459350586,0.0,0.06290960311889648,4.6817991733551025,4.730999946594238
sample 19,2.727503538131714,1.6520500183105469,0.01501154899597168,0.06251215934753418,4.599006414413452,4.652140855789185
sample 20,2.753948926925659,1.5699052810668945,0.015710115432739258,0.12564682960510254,4.245120286941528,4.724718332290649
sample 21,2.782161235809326,1.5633935928344727,0.031239748001098633,0.06328511238098145,4.617205619812012,4.720778465270996
sample 22,2.7687110900878906,1.5623595714569092,0.004004955291748047,0.05889606475830078,4.554957866668701,4.761291265487671
sample 23,2.77370023727417,1.6328566074371338,0.015626192092895508,0.06290149688720703,4.63624119758606,4.737730264663696
sample 24,2.782613754272461,1.5113868713378906,0.015630483627319336,0.07862210273742676,4.551089763641357,4.481206655502319
sample 25,2.7851779460906982,1.4791438579559326,0.0312504768371582,0.06301498413085938,4.579940557479858,4.758146286010742
sample 26,2.7711331844329834,1.6090457439422607,0.015650510787963867,0.07850956916809082,4.620740652084351,4.709994316101074
sample 27,2.7745120525360107,1.4063160419464111,0.016214847564697266,0.09121561050415039,4.645033121109009,4.688908815383911
sample 28,2.763448476791382,1.6462502479553223,0.015665054321289062,0.10633707046508789,4.669113874435425,4.741952180862427
sample 29,2.680272102355957,1.557856798171997,0.015632152557373047,0.06288647651672363,4.588279724121094,4.642596006393433
sample 30,2.7093777656555176,1.4222631454467773,0.0,0.0751960277557373,4.643187046051025,4.331616401672363
sample 31,2.752218723297119,1.5846610069274902,0.01564621925354004,0.0788567066192627,4.401106119155884,4.384544372558594
sample 32,2.7890021800994873,1.4354853630065918,0.01565098762512207,0.06292247772216797,4.648443937301636,4.728277683258057
sample 33,2.928550958633423,1.4517996311187744,0.01563739776611328,0.06250309944152832,4.40798020362854,4.6630165576934814
sample 34,2.772604465484619,1.384129285812378,0.0,0.07469534873962402,4.589027643203735,4.68675971031189
sample 35,2.768418788909912,1.7018218040466309,0.03162813186645508,0.1411595344543457,4.657290458679199,4.6797096729278564
sample 36,2.769045829772949,1.68107271194458,0.015764713287353516,0.1259002685546875,4.529351472854614,4.7888429164886475
sample 37,2.8150253295898438,1.409355640411377,0.03836345672607422,0.11935615539550781,4.64014744758606,4.50217080116272
sample 38,2.8090600967407227,1.6041111946105957,0.015515804290771484,0.0789797306060791,4.505528926849365,4.565667390823364
sample 39,2.8506524562835693,1.5836269855499268,0.03127098083496094,0.07854437828063965,4.649920701980591,4.7123353481292725
sample 40,2.7694098949432373,1.5926439762115479,0.03127264976501465,0.07848978042602539,4.618358135223389,4.675311803817749
sample 41,2.8093440532684326,1.609426736831665,0.03129243850708008,0.1106102466583252,4.677173614501953,4.699413061141968
sample 42,2.778886079788208,1.3231260776519775,0.016513347625732422,0.04489779472351074,4.7026495933532715,4.642709016799927
sample 43,2.8212482929229736,1.4832391738891602,0.02151346206665039,0.05716514587402344,4.585665702819824,4.6245081424713135
sample 44,2.754815101623535,1.792834997177124,0.016208171844482422,0.09479904174804688,4.55050253868103,4.725685358047485
sample 45,2.763953924179077,1.47198486328125,0.016632795333862305,0.06189084053039551,4.694335460662842,4.682571649551392
sample 46,2.7403106689453125,1.509657621383667,0.031252384185791016,0.09392619132995605,4.593202590942383,4.593279123306274
sample 47,2.77366304397583,1.5999081134796143,0.015639305114746094,0.06249666213989258,4.681725025177002,4.672613143920898
sample 48,2.7561838626861572,1.5913512706756592,0.0009725093841552734,0.10875868797302246,4.661443710327148,4.7911012172698975
sample 49,2.7766666412353516,1.5904841423034668,0.015623807907104492,0.07575464248657227,4.633954286575317,4.597713470458984
sample 50,2.8059189319610596,1.692960500717163,0.007152557373046875,0.07864022254943848,4.611589670181274,4.732305288314819
sample 51,2.6238298416137695,1.5847890377044678,0.031141281127929688,0.1098320484161377,4.506535053253174,3.473480701446533
sample 52,2.756286859512329,1.2388637065887451,0.015623092651367188,0.06293010711669922,4.456493377685547,4.630164623260498
sample 53,2.897585868835449,1.6068775653839111,0.015730857849121094,0.07809329032897949,4.203914642333984,4.4798033237457275
sample 54,2.697697877883911,1.546778678894043,0.025152206420898438,0.0899343490600586,4.475643634796143,4.66389799118042
sample 55,2.7621474266052246,1.5092580318450928,0.008031845092773438,0.04688882827758789,4.275863170623779,4.721942186355591
sample 56,2.780266523361206,1.5958757400512695,0.029697179794311523,0.1410808563232422,4.5278871059417725,4.651141166687012
sample 57,2.7794604301452637,1.5747449398040771,0.0,0.09410548210144043,4.410747289657593,4.706635475158691
sample 58,2.8011374473571777,1.5641343593597412,0.0,0.07811713218688965,4.530964612960815,4.72978949546814
sample 59,2.782214879989624,1.4838311672210693,0.031957387924194336,0.07691574096679688,4.638135194778442,4.6509599685668945
sample 60,2.664841651916504,1.293478012084961,0.0,0.0791318416595459,4.601377725601196,4.756772518157959
sample 61,2.7950215339660645,1.5850775241851807,0.015641450881958008,0.07852411270141602,4.668092250823975,4.632548809051514
sample 62,2.764976978302002,1.46480393409729,0.01563549041748047,0.06266140937805176,4.76903772354126,4.584379196166992
sample 63,2.766486167907715,1.5906033515930176,0.015627384185791016,0.06290793418884277,4.598118782043457,4.728673696517944
sample 64,2.749424934387207,1.4124407768249512,0.015600204467773438,0.06258487701416016,4.4450085163116455,4.733074188232422
sample 65,2.7926530838012695,1.6025729179382324,0.03132367134094238,0.1337571144104004,4.59987473487854,4.6826677322387695
sample 66,2.8150973320007324,1.4653174877166748,0.031266212463378906,0.06293153762817383,4.589739799499512,4.771421432495117
sample 67,2.7832672595977783,1.5527026653289795,0.0,0.07856321334838867,4.690776109695435,4.712924003601074
sample 68,2.778057336807251,1.4899730682373047,0.024662256240844727,0.07850813865661621,4.348153114318848,4.47741436958313
sample 69,2.7232139110565186,1.5930726528167725,0.031234025955200195,0.06288337707519531,4.793236255645752,4.795661926269531
sample 70,2.7839388847351074,1.5527033805847168,0.031261444091796875,0.12801527976989746,4.59909462928772,4.700417995452881
sample 71,2.808238983154297,1.6354079246520996,0.03172159194946289,0.12547779083251953,4.607638120651245,4.618473291397095
sample 72,2.7703399658203125,1.6002535820007324,0.031385183334350586,0.07854413986206055,4.5964813232421875,4.703191041946411
sample 73,2.6737077236175537,1.2582297325134277,0.031246185302734375,0.07858037948608398,4.6164586544036865,4.6878135204315186
sample 74,2.774777412414551,1.382988452911377,0.015727519989013672,0.07519793510437012,4.651828289031982,4.727374792098999
sample 75,2.79410457611084,1.4806065559387207,0.03168129920959473,0.06251311302185059,4.591741561889648,4.851057291030884
sample 76,2.78413987159729,1.4382216930389404,0.039489030838012695,0.10203242301940918,4.674633979797363,4.734157085418701
sample 77,2.8301398754119873,1.7578353881835938,0.03127622604370117,0.07927131652832031,4.4206602573394775,4.718122482299805
sample 78,2.7790720462799072,1.366065502166748,0.020383596420288086,0.05496811866760254,4.655742883682251,4.689709663391113
sample 79,2.8193252086639404,1.5269415378570557,0.015616893768310547,0.06750369071960449,4.6303770542144775,4.6998817920684814
sample 80,2.747889757156372,1.5248005390167236,0.015694141387939453,0.07866358757019043,4.653412580490112,4.7014405727386475
sample 81,2.754577159881592,1.6316540241241455,0.03166460990905762,0.10998797416687012,4.620989561080933,4.480278253555298
sample 82,2.8290882110595703,1.5629932880401611,0.016637325286865234,0.12245750427246094,4.5531251430511475,4.824862718582153
sample 83,2.833141803741455,1.4135081768035889,0.03124403953552246,0.1097869873046875,4.64360237121582,4.73269510269165
sample 84,2.816941499710083,1.65397047996521,0.015035867691040039,0.04727768898010254,4.491430759429932,4.681311130523682
sample 85,2.7842533588409424,1.5247528553009033,0.016024351119995117,0.0747079849243164,4.722115993499756,4.722129583358765
sample 86,2.7620835304260254,1.347233772277832,0.01563858985900879,0.0755167007446289,4.496057033538818,4.670835494995117
sample 87,2.8121395111083984,1.62642240524292,0.0,0.06337285041809082,4.374819040298462,4.639732599258423
sample 88,2.792386531829834,1.5744538307189941,0.026105642318725586,0.10995340347290039,4.6155054569244385,4.70007848739624
sample 89,2.7793819904327393,1.4823040962219238,0.0,0.06289935111999512,4.688951730728149,4.663088798522949
sample 90,2.771193027496338,1.449843406677246,0.03168511390686035,0.06249666213989258,4.587862968444824,4.355428695678711
sample 91,2.809749126434326,1.6584579944610596,0.033751487731933594,0.0916602611541748,4.589694023132324,4.743559122085571
sample 92,2.8005974292755127,1.6349306106567383,0.015621662139892578,0.06291818618774414,4.547581911087036,4.663801908493042
sample 93,2.8017232418060303,1.531393051147461,0.015624046325683594,0.1301259994506836,4.57002329826355,4.666606664657593
sample 94,2.787240505218506,1.6363005638122559,0.00900888442993164,0.07838296890258789,4.670135974884033,4.7083985805511475
sample 95,2.7706966400146484,1.630307674407959,0.01563096046447754,0.07853007316589355,4.608061790466309,4.6513965129852295
sample 96,2.816298484802246,1.4327671527862549,0.015633344650268555,0.0785365104675293,4.620339393615723,4.2941155433654785
sample 97,2.820504665374756,1.3100321292877197,0.015613317489624023,0.07670235633850098,4.4685564041137695,4.7327494621276855
sample 98,2.8294899463653564,1.631784200668335,0.0,0.0785055160522461,4.581226110458374,4.756628513336182
sample 99,2.7480218410491943,1.358485221862793,0.015720844268798828,0.06244850158691406,4.376992225646973,4.643754959106445
sample 100,2.7113637924194336,1.7037835121154785,0.0,0.06250262260437012,4.568463325500488,4.695656061172485
sample 101,2.790266275405884,1.507655143737793,0.015624284744262695,0.06314420700073242,4.609708309173584,4.723748683929443
sample 102,2.8619797229766846,1.6181230545043945,0.031697988510131836,0.08248639106750488,4.603153467178345,4.90310263633728
sample 103,2.8457202911376953,1.5947706699371338,0.03122258186340332,0.10981225967407227,4.62494421005249,4.599693775177002
sample 104,2.7525923252105713,1.5500712394714355,0.015623807907104492,0.06289029121398926,4.620663166046143,4.664240121841431
sample 105,2.7332186698913574,1.3893117904663086,0.0,0.11154818534851074,4.58970046043396,4.7048399448394775
sample 106,2.76943302154541,1.4391775131225586,0.012010574340820312,0.10073685646057129,4.574423551559448,4.692410230636597
sample 107,2.7858693599700928,1.5620040893554688,0.011508941650390625,0.09417176246643066,4.6660308837890625,4.669873952865601
sample 108,2.8151254653930664,1.2194173336029053,0.015617132186889648,0.07825040817260742,4.505371570587158,4.729148864746094
sample 109,2.7724673748016357,1.508056879043579,0.015641212463378906,0.1254572868347168,4.554998397827148,4.791741371154785
sample 110,2.7909226417541504,1.4765493869781494,0.04127955436706543,0.06928658485412598,4.638442039489746,4.8871846199035645
sample 111,2.8147308826446533,1.4937255382537842,0.031691789627075195,0.06251049041748047,4.631238698959351,4.622390985488892
sample 112,2.7843821048736572,1.537177324295044,0.031368255615234375,0.12768244743347168,4.50154185295105,4.551045179367065
sample 113,2.6967310905456543,1.6589210033416748,0.015648841857910156,0.07849740982055664,4.5812554359436035,4.658104658126831
sample 114,2.7936391830444336,1.6193413734436035,0.03175663948059082,0.10023283958435059,4.618132829666138,4.748948097229004
sample 115,2.7083683013916016,1.5637273788452148,0.03128361701965332,0.07852554321289062,4.747331142425537,4.786574363708496
sample 116,2.761246919631958,1.5027084350585938,0.01620626449584961,0.06251335144042969,4.795447826385498,4.5892510414123535
sample 117,2.7344000339508057,1.6823909282684326,0.04457497596740723,0.10988283157348633,4.540839433670044,4.656977653503418
sample 118,2.794832229614258,1.4245922565460205,0.03167271614074707,0.1262836456298828,4.635690927505493,4.627739906311035
sample 119,2.8117551803588867,1.4589390754699707,0.015636920928955078,0.04726719856262207,4.153963804244995,4.3244547843933105
sample 120,2.851952075958252,1.585325002670288,0.016029834747314453,0.06250953674316406,4.580551624298096,4.724794387817383
sample 121,2.8015942573547363,1.4637036323547363,0.01574873924255371,0.071563720703125,4.360515356063843,4.670215606689453
sample 122,2.7953383922576904,1.5182478427886963,0.015520811080932617,0.06901192665100098,4.4097208976745605,4.63845682144165
sample 123,2.819200038909912,1.4258713722229004,0.015511035919189453,0.0629117488861084,4.565838098526001,4.672117710113525
sample 124,2.808452606201172,1.4130568504333496,0.015717506408691406,0.06290578842163086,4.40119481086731,4.737250804901123
sample 125,2.763319253921509,1.5577762126922607,0.0,0.11877965927124023,4.659154415130615,4.48853874206543
sample 126,2.702996015548706,1.6578879356384277,0.03183436393737793,0.12726163864135742,4.667115211486816,4.605137586593628
sample 127,2.7704215049743652,1.629706859588623,0.0,0.07855987548828125,4.630269527435303,4.714355230331421
sample 128,2.7581963539123535,1.376110553741455,0.015669584274291992,0.07909655570983887,4.647600889205933,4.722514629364014
sample 129,2.784714460372925,1.4518842697143555,0.022214412689208984,0.07201695442199707,4.662006855010986,4.804627895355225
sample 130,2.7844319343566895,1.2767784595489502,0.015623807907104492,0.06386518478393555,4.644385576248169,4.669999599456787
sample 131,2.759549140930176,1.4895927906036377,0.01613306999206543,0.06251120567321777,4.621444940567017,4.74718713760376
sample 132,2.791682720184326,1.4875240325927734,0.016117572784423828,0.10979771614074707,4.648867130279541,4.732926607131958
sample 133,2.7544925212860107,1.5642883777618408,0.019635677337646484,0.05907177925109863,4.59255313873291,4.813964605331421
sample 134,2.771421194076538,1.6403732299804688,0.015607118606567383,0.06289339065551758,4.45601749420166,4.653335809707642
sample 135,2.7360236644744873,1.559044361114502,0.027912139892578125,0.10986995697021484,4.516714096069336,4.689859867095947
sample 136,2.750411033630371,1.5774986743927002,0.0,0.06292963027954102,4.6236772537231445,4.801663875579834
sample 137,2.8010520935058594,1.5536894798278809,0.0157167911529541,0.06298398971557617,4.57050347328186,4.686270236968994
sample 138,2.7920401096343994,1.3411836624145508,0.015634536743164062,0.12537741661071777,4.657618284225464,4.706297397613525
sample 139,2.8045544624328613,1.531113862991333,0.03127026557922363,0.0945732593536377,4.696324348449707,4.676826477050781
sample 140,2.718485116958618,1.5536198616027832,0.015599489212036133,0.1216740608215332,4.618050575256348,4.753793239593506
sample 141,2.738198757171631,1.4768145084381104,0.03447389602661133,0.07853817939758301,4.584980010986328,4.718207597732544
sample 142,2.8030295372009277,1.4689202308654785,0.01564311981201172,0.06249880790710449,4.658338785171509,4.663642406463623
sample 143,2.772212028503418,1.5777933597564697,0.023163318634033203,0.09416556358337402,4.323062896728516,4.626210927963257
sample 144,2.805410146713257,1.4669663906097412,0.032706499099731445,0.04676961898803711,4.410938024520874,4.737191677093506
sample 145,2.7742013931274414,1.2396814823150635,0.0,0.06243729591369629,4.611660718917847,4.681201219558716
sample 146,2.767514228820801,1.5141968727111816,0.015695810317993164,0.0785372257232666,4.6442787647247314,4.732089042663574
sample 147,2.741011381149292,1.6239838600158691,0.0,0.06290054321289062,4.541037082672119,4.27922797203064
sample 148,2.7709598541259766,1.5918843746185303,0.03167986869812012,0.09721040725708008,4.607746839523315,4.7145795822143555
sample 149,2.7712113857269287,1.6025404930114746,0.03166842460632324,0.1256415843963623,4.684457063674927,4.704787731170654
sample 150,2.7336909770965576,1.4134411811828613,0.015619039535522461,0.09472155570983887,4.684360027313232,4.702066659927368
sample 151,2.7366907596588135,1.5538442134857178,0.015661001205444336,0.06247401237487793,4.570382595062256,4.620526313781738
sample 152,2.813026189804077,1.2865896224975586,0.015629053115844727,0.07861113548278809,4.035940885543823,3.350543737411499
sample 153,2.4920995235443115,1.426936149597168,0.008167743682861328,0.06288695335388184,4.55670690536499,4.717064619064331
sample 154,2.8280131816864014,1.6757738590240479,0.031244754791259766,0.127899169921875,4.661413908004761,4.686959743499756
sample 155,2.7880032062530518,1.5146458148956299,0.015612363815307617,0.06288266181945801,4.669467210769653,4.758315563201904
sample 156,2.7199275493621826,1.4700775146484375,0.02508091926574707,0.07202887535095215,4.613845109939575,4.757021427154541
sample 157,2.7786858081817627,1.3764889240264893,0.010512113571166992,0.07824254035949707,4.55016565322876,4.648411989212036
sample 158,2.768947124481201,1.3477404117584229,0.015619993209838867,0.0628964900970459,4.598363876342773,4.774021148681641
sample 159,2.792036533355713,1.6716241836547852,0.015619039535522461,0.0629734992980957,4.6383056640625,4.657646656036377
sample 160,2.7360987663269043,1.5377264022827148,0.03168797492980957,0.07450723648071289,4.6326494216918945,4.641189813613892
sample 161,2.7152798175811768,1.4187631607055664,0.01561880111694336,0.0785374641418457,4.609684467315674,4.535489082336426
sample 162,2.8544273376464844,1.6261332035064697,0.02874898910522461,0.1259012222290039,4.566252946853638,4.031075716018677
sample 163,2.819190263748169,1.4089813232421875,0.01565384864807129,0.07494688034057617,4.528075933456421,4.754581451416016
sample 164,2.8228585720062256,1.6446895599365234,0.03127169609069824,0.1256258487701416,4.763986587524414,4.718079090118408
sample 165,2.8003270626068115,1.6581206321716309,0.017217397689819336,0.06138944625854492,4.17136549949646,4.684654951095581
sample 166,2.7649056911468506,1.5876235961914062,0.031232357025146484,0.11016511917114258,4.610584735870361,4.696389675140381
sample 167,2.887805938720703,1.5543239116668701,0.031266212463378906,0.06522512435913086,4.583410263061523,4.687046766281128
sample 168,2.8059916496276855,1.6119718551635742,0.015642404556274414,0.12480616569519043,4.748502969741821,4.5908520221710205
sample 169,2.807379722595215,1.6222503185272217,0.03124690055847168,0.06297516822814941,4.635487079620361,4.52950119972229
sample 170,2.7300314903259277,1.553938865661621,0.0,0.06291508674621582,4.748516798019409,4.534539699554443
sample 171,2.602999687194824,1.2593231201171875,0.03127002716064453,0.1103215217590332,4.078563690185547,3.9536385536193848
sample 172,2.450965642929077,1.178640604019165,0.00834345817565918,0.049463510513305664,3.473996639251709,4.102993726730347
sample 173,2.299628734588623,1.138653039932251,0.0,0.0628502368927002,3.6134111881256104,4.099226474761963
sample 174,2.432664155960083,1.1631383895874023,0.01562356948852539,0.06289792060852051,4.115596532821655,4.286777496337891
sample 175,2.698946952819824,1.6031498908996582,0.01551365852355957,0.06380581855773926,4.481190204620361,4.604611158370972
sample 176,2.687688112258911,1.5264945030212402,0.015607118606567383,0.059264421463012695,4.5211873054504395,4.576057434082031
sample 177,2.694772958755493,1.6487598419189453,0.031209707260131836,0.07851910591125488,4.641623497009277,4.63043475151062
sample 178,2.7027981281280518,1.567871332168579,0.0,0.07872247695922852,4.494401693344116,4.686392545700073
sample 179,2.663576602935791,1.5170512199401855,0.015615701675415039,0.06291532516479492,4.261175632476807,4.663530588150024
sample 180,2.703518867492676,1.5200262069702148,0.015615701675415039,0.047255516052246094,4.353529453277588,4.619495391845703
sample 181,2.7667224407196045,1.586686611175537,0.015658140182495117,0.09419465065002441,4.626753807067871,4.704841375350952
sample 182,2.819951057434082,1.4553275108337402,0.015099525451660156,0.10650825500488281,4.4924476146698,4.684228420257568
sample 183,2.730389356613159,1.461622953414917,0.015603065490722656,0.06289124488830566,4.4693763256073,4.573322534561157
sample 184,2.6778452396392822,1.5959444046020508,0.015626192092895508,0.12541913986206055,3.538684129714966,4.707164287567139
sample 185,2.8318536281585693,1.3762214183807373,0.006505250930786133,0.11939597129821777,4.586965084075928,4.673409461975098
sample 186,2.776428699493408,1.4071083068847656,0.015619516372680664,0.06779932975769043,4.539586305618286,4.138595342636108
sample 187,2.8912713527679443,1.4317922592163086,0.010550737380981445,0.07796406745910645,4.461509943008423,4.62873387336731
sample 188,2.8204405307769775,1.554340124130249,0.03127169609069824,0.12906908988952637,4.429436445236206,4.588092088699341
sample 189,2.7763314247131348,1.4710471630096436,0.017276287078857422,0.0799555778503418,4.6237335205078125,4.781883001327515
sample 190,2.798595905303955,1.492816686630249,0.03167867660522461,0.10970425605773926,4.533741474151611,4.870656490325928
sample 191,2.8553638458251953,1.4391636848449707,0.03149127960205078,0.10981440544128418,4.628170013427734,4.708842039108276
sample 192,2.7493667602539062,1.527163028717041,0.015633583068847656,0.07851862907409668,4.511430978775024,4.368014097213745
sample 193,2.745062828063965,1.4155938625335693,0.031235694885253906,0.12543225288391113,4.544617652893066,4.701091766357422
sample 194,2.7747905254364014,1.4876735210418701,0.0,0.06285619735717773,4.542123317718506,4.583460569381714
sample 195,2.8538131713867188,1.528834581375122,0.0,0.10978889465332031,4.576217412948608,4.729960203170776
sample 196,2.7561376094818115,1.5294833183288574,0.01562356948852539,0.06289386749267578,4.6187424659729,4.774033784866333
sample 197,2.726175546646118,1.198685646057129,0.015641212463378906,0.07925152778625488,4.643385887145996,4.771731853485107
sample 198,2.7829322814941406,1.3673598766326904,0.012531280517578125,0.06625008583068848,4.5878729820251465,4.659813165664673
sample 199,2.764212131500244,1.5496881008148193,0.0,0.06250596046447754,4.5645060539245605,4.7209320068359375
sample 200,2.7728023529052734,1.6181719303131104,0.0,0.0831298828125,4.507967472076416,4.568103075027466
sample 201,2.7939600944519043,1.5479800701141357,0.029363632202148438,0.08222532272338867,4.557977676391602,4.757081031799316
sample 202,2.714043617248535,1.5932118892669678,0.0,0.0625152587890625,4.520423412322998,4.745768785476685
sample 203,2.6805315017700195,1.5000436305999756,0.01602482795715332,0.11263036727905273,4.638614654541016,4.69729208946228
sample 204,2.7385458946228027,1.5225450992584229,0.03162240982055664,0.09417080879211426,4.8304123878479,4.647336483001709
sample 205,2.7333950996398926,1.5931031703948975,0.0,0.07811760902404785,4.621852159500122,4.68343186378479
sample 206,2.7625234127044678,1.415952444076538,0.015609025955200195,0.10699081420898438,4.574042081832886,4.770753860473633
sample 207,2.7519009113311768,1.5262413024902344,0.029894113540649414,0.0629122257232666,4.610231399536133,4.678842544555664
sample 208,2.769744634628296,1.5663506984710693,0.015621662139892578,0.062384843826293945,4.545051097869873,4.66750693321228
sample 209,2.8112242221832275,1.5760102272033691,0.015618324279785156,0.1113121509552002,4.577623128890991,4.704924583435059
sample 210,2.779829502105713,1.4045758247375488,0.01560521125793457,0.06306290626525879,4.276338338851929,4.744260549545288
sample 211,2.753986120223999,1.317234754562378,0.014388561248779297,0.05679798126220703,4.536065101623535,4.705570459365845
sample 212,2.8287861347198486,1.5068652629852295,0.015636444091796875,0.06252360343933105,4.557855129241943,4.699055910110474
sample 213,2.8259849548339844,1.5070946216583252,0.031253814697265625,0.07851743698120117,4.448541164398193,4.627714395523071
sample 214,2.765561819076538,1.364428997039795,0.031229019165039062,0.1401047706604004,4.623362302780151,4.417151927947998
sample 215,2.775782585144043,1.4869756698608398,0.0,0.06289815902709961,4.572254657745361,4.628190994262695
sample 216,2.7825660705566406,1.5032930374145508,0.026656389236450195,0.06249594688415527,4.645675420761108,4.716855049133301
sample 217,2.7784717082977295,1.554269552230835,0.015616655349731445,0.06291031837463379,4.621285915374756,4.9031524658203125
sample 218,2.7870471477508545,1.2927675247192383,0.01566028594970703,0.06523799896240234,4.5726704597473145,4.608014822006226
sample 219,2.785085678100586,1.2176287174224854,0.015633344650268555,0.07816052436828613,4.627526760101318,4.70806097984314
sample 220,2.7630910873413086,1.6192221641540527,0.021725893020629883,0.10979294776916504,4.622596263885498,4.747093677520752
sample 221,2.7999539375305176,1.5147244930267334,0.01567387580871582,0.0941460132598877,4.513570547103882,4.6828484535217285
sample 222,2.809546709060669,1.5893125534057617,0.014793157577514648,0.10630202293395996,4.664174795150757,4.700312852859497
sample 223,2.7610297203063965,1.3606011867523193,0.02050042152404785,0.08956646919250488,4.5208189487457275,4.605777025222778
sample 224,2.7293860912323,1.4861035346984863,0.016016006469726562,0.06250786781311035,4.701842546463013,4.719942092895508
sample 225,2.7615604400634766,1.7115271091461182,0.03122425079345703,0.07854676246643066,4.673423767089844,4.6384522914886475
sample 226,2.761338472366333,1.5951499938964844,0.02064824104309082,0.08922600746154785,4.653933763504028,4.689221620559692
sample 227,2.857961416244507,1.6488864421844482,0.031269073486328125,0.07207369804382324,4.630490779876709,4.637342214584351
sample 228,2.7588205337524414,1.4010510444641113,0.0,0.07818293571472168,4.567774534225464,4.730032920837402
sample 229,2.7712199687957764,1.6183907985687256,0.031238317489624023,0.12281060218811035,4.37424898147583,4.667078256607056
sample 230,2.782258987426758,1.384289264678955,0.021173715591430664,0.11763286590576172,4.37727165222168,4.670859098434448
sample 231,2.7482354640960693,1.510582685470581,0.0025081634521484375,0.07609844207763672,4.660408973693848,4.644096612930298
sample 232,2.82241153717041,1.4753527641296387,0.031245708465576172,0.08063316345214844,4.380002498626709,4.738842725753784
sample 233,2.77815318107605,1.5185422897338867,0.01561594009399414,0.07853388786315918,4.507553577423096,4.706095457077026
sample 234,2.7537529468536377,1.4221911430358887,0.014012813568115234,0.07818222045898438,4.548292398452759,4.63265585899353
sample 235,2.7912275791168213,1.4803595542907715,0.015612363815307617,0.06898617744445801,4.562159061431885,4.66861629486084
sample 236,2.7152769565582275,1.4508209228515625,0.01572108268737793,0.12608623504638672,4.498185634613037,4.407180070877075
sample 237,2.74629545211792,1.56862473487854,0.0,0.07814645767211914,4.579935312271118,4.844384670257568
sample 238,2.7500123977661133,1.6418700218200684,0.015618562698364258,0.06290459632873535,4.632257461547852,4.715225458145142
sample 239,2.7947323322296143,1.560835599899292,0.01633310317993164,0.0623018741607666,4.645283937454224,4.507249116897583
sample 240,2.7221643924713135,1.4684209823608398,0.01562047004699707,0.06900835037231445,4.561874628067017,4.661669731140137
sample 241,2.778132438659668,1.2984449863433838,0.015628576278686523,0.052809953689575195,4.489161252975464,4.591511487960815
sample 242,2.7804033756256104,1.5342862606048584,0.031275033950805664,0.12544465065002441,4.676614999771118,4.651484966278076
sample 243,2.8014519214630127,1.6003780364990234,0.03123307228088379,0.11167025566101074,4.648768663406372,4.752502679824829
sample 244,2.799515962600708,1.6089086532592773,0.015619993209838867,0.07852959632873535,4.691478490829468,4.795499801635742
sample 245,2.7481441497802734,1.695587396621704,0.024538040161132812,0.08564567565917969,4.345791816711426,4.589059114456177
sample 246,2.85080885887146,1.5570201873779297,0.03119826316833496,0.07858586311340332,4.5951879024505615,4.73415732383728
sample 247,2.933424711227417,1.746394157409668,0.031717538833618164,0.09424233436584473,4.579715967178345,4.801922559738159
sample 248,2.815000295639038,1.5676867961883545,0.0,0.0628969669342041,4.693016290664673,4.6684911251068115
sample 249,2.8079745769500732,1.4516770839691162,0.03127098083496094,0.09422588348388672,4.566688060760498,4.619953393936157
sample 250,2.780367851257324,1.5602800846099854,0.03123164176940918,0.0632774829864502,4.472709655761719,4.687532186508179
sample 251,2.7938733100891113,1.3726813793182373,0.03126239776611328,0.09425234794616699,4.696031093597412,4.626169681549072
sample 252,2.733224630355835,1.588770866394043,0.03125309944152832,0.0677328109741211,4.58968448638916,4.207604885101318
sample 253,2.7489922046661377,1.5558626651763916,0.0,0.0785222053527832,4.7018210887908936,4.707387208938599
sample 254,2.7266459465026855,1.5464377403259277,0.015611886978149414,0.10979938507080078,4.439386606216431,4.6850426197052
sample 255,2.7571327686309814,1.4986572265625,0.0,0.06228470802307129,4.688708782196045,4.746140480041504
sample 256,2.7761425971984863,1.724083662033081,0.0156400203704834,0.07853841781616211,4.641862869262695,4.732234477996826
sample 257,2.7962646484375,1.6076881885528564,0.015620231628417969,0.06305766105651855,4.6161415576934814,4.63823938369751
sample 258,2.7435028553009033,1.4553792476654053,0.015642642974853516,0.09433126449584961,4.864697217941284,4.505900621414185
sample 259,2.8035776615142822,1.2818677425384521,0.03167915344238281,0.1229088306427002,4.4724156856536865,4.690092325210571
sample 260,2.7755115032196045,1.4946272373199463,0.031241893768310547,0.08971881866455078,4.588308095932007,4.572435140609741
sample 261,2.811230421066284,1.5170435905456543,0.015522003173828125,0.11555099487304688,4.418311834335327,4.6534953117370605
sample 262,2.798983573913574,1.58512544631958,0.01603245735168457,0.07817482948303223,4.514280796051025,4.630138635635376
sample 263,2.770484447479248,1.1835811138153076,0.0399317741394043,0.10706639289855957,4.487329721450806,4.662145376205444
sample 264,2.7795488834381104,1.4367954730987549,0.031152725219726562,0.13553977012634277,4.568274736404419,4.824422121047974
sample 265,2.849344253540039,1.494070053100586,0.015639066696166992,0.06249594688415527,4.56111216545105,4.647379398345947
sample 266,2.7820234298706055,1.257594108581543,0.0312802791595459,0.06698870658874512,4.619455575942993,4.692506790161133
sample 267,2.777425765991211,1.8587965965270996,0.015614986419677734,0.09419941902160645,4.443307161331177,4.68137788772583
sample 268,2.777320384979248,1.561558723449707,0.015618562698364258,0.06290507316589355,4.608617067337036,4.594791650772095
sample 269,2.799846649169922,1.48905611038208,0.0,0.1071772575378418,4.717180490493774,4.690346002578735
sample 270,2.748267889022827,1.4971368312835693,0.015625715255737305,0.07854056358337402,4.548989295959473,4.654016733169556
sample 271,2.7724783420562744,1.591902256011963,0.031233787536621094,0.06291055679321289,4.563963890075684,4.829899311065674
sample 272,2.675347328186035,1.60701322555542,0.03128957748413086,0.07446026802062988,4.681026935577393,4.806239604949951
sample 273,2.8152339458465576,1.51434326171875,0.0070095062255859375,0.0931692123413086,4.68075704574585,4.653106451034546
sample 274,2.836728572845459,1.604372501373291,0.03122997283935547,0.12550139427185059,4.525542259216309,4.689233303070068
sample 275,2.7503161430358887,1.6417953968048096,0.01712822914123535,0.0926661491394043,4.673601865768433,4.667173624038696
sample 276,2.7553138732910156,1.5691616535186768,0.03124094009399414,0.0943143367767334,4.506623983383179,4.671335697174072
sample 277,2.7517950534820557,1.5562312602996826,0.015635251998901367,0.07223129272460938,4.4909515380859375,4.710968017578125
sample 278,2.739598512649536,1.4311397075653076,0.015594482421875,0.09700250625610352,4.677966594696045,4.716335296630859
sample 279,2.7891290187835693,1.5608291625976562,0.015641450881958008,0.06290555000305176,4.547560930252075,4.622467517852783
sample 280,2.7819833755493164,1.5783042907714844,0.015699386596679688,0.07843899726867676,4.565326929092407,4.415759801864624
sample 281,2.7965285778045654,1.3888328075408936,0.01601696014404297,0.06033754348754883,4.658468246459961,4.758060455322266
sample 282,2.761418342590332,1.520080804824829,0.0,0.07049775123596191,4.553593873977661,4.652673721313477
sample 283,2.786721706390381,1.4717671871185303,0.015619993209838867,0.07900094985961914,4.57977294921875,4.644055366516113
sample 284,2.7697768211364746,1.587273120880127,0.01613450050354004,0.07511281967163086,4.565824747085571,4.748190402984619
sample 285,2.7236435413360596,1.4089505672454834,0.016021013259887695,0.07853937149047852,4.688546657562256,4.66471004486084
sample 286,2.7379350662231445,1.403693675994873,0.0,0.07849860191345215,4.608313083648682,4.682811737060547
sample 287,2.730228900909424,1.5889413356781006,0.015639543533325195,0.09419894218444824,4.713298797607422,4.767641067504883
sample 288,2.8863303661346436,1.520803451538086,0.0161285400390625,0.062394142150878906,4.5931596755981445,4.679018020629883
sample 289,2.7357382774353027,1.4287936687469482,0.02913641929626465,0.06503152847290039,4.404320001602173,4.589152812957764
sample 290,2.804328203201294,1.713245153427124,0.031247377395629883,0.09103775024414062,4.654780149459839,4.6988677978515625
sample 291,2.7616748809814453,1.4379873275756836,0.016220808029174805,0.11049318313598633,4.598314523696899,4.855176687240601
sample 292,2.77864408493042,1.5222904682159424,0.015615224838256836,0.06280851364135742,4.633598804473877,4.6269330978393555
sample 293,2.774265766143799,1.4228663444519043,0.015598773956298828,0.09072661399841309,4.565765619277954,4.451452016830444
sample 294,2.7681093215942383,1.4714274406433105,0.01606154441833496,0.06251811981201172,4.561002492904663,4.675298452377319
sample 295,2.800715923309326,1.4625227451324463,0.01561117172241211,0.09125065803527832,4.262860298156738,4.6234450340271
sample 296,2.766080856323242,1.5660128593444824,0.031250953674316406,0.12889671325683594,4.525663137435913,4.680858135223389
sample 297,2.681274890899658,1.7385590076446533,0.015665054321289062,0.0784919261932373,4.6726579666137695,4.6870317459106445
sample 298,2.7309277057647705,1.4534258842468262,0.01561594009399414,0.06289935111999512,4.370267629623413,4.837665319442749
sample 299,2.763401508331299,1.375035285949707,0.015636205673217773,0.04736971855163574,4.580347061157227,4.711973190307617
sample 300,2.8225932121276855,1.5308687686920166,0.009599685668945312,0.06251287460327148,4.532257318496704,4.690788984298706
sample 301,2.937540292739868,1.6585462093353271,0.015639305114746094,0.07853055000305176,4.588382244110107,4.641533851623535
sample 302,2.7505009174346924,1.5305309295654297,0.031249046325683594,0.07868528366088867,4.6108410358428955,4.414163112640381
sample 303,2.7631208896636963,1.4208521842956543,0.03135204315185547,0.10727596282958984,4.439899921417236,4.73824143409729
sample 304,2.73838472366333,1.6212263107299805,0.02011585235595703,0.07401752471923828,4.717323303222656,4.69559645652771
sample 305,2.901095151901245,1.3540103435516357,0.0,0.07814288139343262,4.858415842056274,4.747294902801514
sample 306,2.740165948867798,1.5091328620910645,0.011081457138061523,0.05208253860473633,4.571576833724976,4.717224597930908
sample 307,2.6719751358032227,1.4067764282226562,0.015617847442626953,0.06800556182861328,4.505643606185913,4.732706308364868
sample 308,2.8073923587799072,1.5315032005310059,0.015618324279785156,0.07854104042053223,4.714706659317017,4.764313220977783
sample 309,2.753228187561035,1.6310880184173584,0.025702714920043945,0.07919144630432129,4.64068341255188,4.766523122787476
sample 310,2.8497047424316406,1.5228886604309082,0.031635284423828125,0.08357906341552734,4.702676773071289,4.719754457473755
sample 311,2.744154930114746,1.6772074699401855,0.015717029571533203,0.06281304359436035,4.308362007141113,4.756226539611816
sample 312,2.8000595569610596,1.4542617797851562,0.031253814697265625,0.11193108558654785,4.718409299850464,4.619681119918823
sample 313,2.773872137069702,1.7013161182403564,0.03133678436279297,0.11931324005126953,4.466534376144409,4.654634714126587
sample 314,2.7676193714141846,1.5396854877471924,0.027157068252563477,0.06250119209289551,4.586554288864136,4.633686065673828
sample 315,2.716050863265991,1.476884365081787,0.0,0.12679004669189453,4.566433906555176,4.33732795715332
sample 316,2.800044536590576,1.7304792404174805,0.015655040740966797,0.11454606056213379,4.550190210342407,4.693746328353882
sample 317,2.8281641006469727,1.4614460468292236,0.017241954803466797,0.10870981216430664,4.66847562789917,4.687453746795654
sample 318,2.753811836242676,1.6176888942718506,0.015624761581420898,0.11694550514221191,4.5633509159088135,4.574510335922241
sample 319,2.6858632564544678,1.5366325378417969,0.031244993209838867,0.11625456809997559,4.637940406799316,4.719683408737183
sample 320,2.7882468700408936,1.575331687927246,0.0,0.06289339065551758,4.432971715927124,4.661333322525024
sample 321,2.761050224304199,1.4426910877227783,0.03128671646118164,0.0785069465637207,4.648974895477295,4.669463396072388
sample 322,2.746055841445923,1.5892579555511475,0.015633821487426758,0.07857394218444824,4.628769159317017,4.694400787353516
sample 323,2.7552716732025146,1.5329930782318115,0.031213760375976562,0.10980486869812012,4.627283096313477,4.643136501312256
sample 324,2.7009873390197754,1.542393684387207,0.015622854232788086,0.06299114227294922,4.2330641746521,4.451815843582153
sample 325,2.8021411895751953,1.7371206283569336,0.031249046325683594,0.08113980293273926,4.500224828720093,4.832092761993408
sample 326,2.8050529956817627,1.393721342086792,0.0,0.09415578842163086,4.647954940795898,4.721768140792847
sample 327,2.7643425464630127,1.593653678894043,0.018625497817993164,0.09012198448181152,4.559453010559082,4.664457559585571
sample 328,2.764693021774292,1.5549910068511963,0.015614748001098633,0.07854628562927246,4.679107189178467,4.705939054489136
sample 329,2.6547720432281494,1.3963615894317627,0.015633106231689453,0.06283068656921387,4.670169353485107,4.677483797073364
sample 330,2.7699460983276367,1.267340898513794,0.0,0.07853364944458008,4.682450532913208,4.535227537155151
sample 331,2.7449891567230225,1.6160695552825928,0.03127455711364746,0.0785374641418457,4.629749059677124,4.741199731826782
sample 332,2.752708911895752,1.595531940460205,0.015637874603271484,0.06249570846557617,4.663404941558838,4.697655439376831
sample 333,2.7699334621429443,1.5804803371429443,0.015625476837158203,0.06922197341918945,4.466253280639648,4.672373294830322
sample 334,2.7454795837402344,1.4687409400939941,0.031670331954956055,0.09436297416687012,4.586471319198608,4.718005657196045
sample 335,2.7148923873901367,1.4886715412139893,0.01427912712097168,0.07451558113098145,4.435190916061401,4.680288791656494
sample 336,2.7341551780700684,1.6854071617126465,0.031639814376831055,0.07813739776611328,4.666416645050049,4.6033360958099365
sample 337,2.7384912967681885,1.507323980331421,0.022223711013793945,0.05640602111816406,4.608844995498657,4.498232841491699
sample 338,2.754284143447876,1.5247020721435547,0.03126955032348633,0.09415698051452637,4.691858291625977,4.851312875747681
sample 339,2.708902359008789,1.4093632698059082,0.015523195266723633,0.09416007995605469,4.6360554695129395,4.694949626922607
sample 340,2.7793288230895996,1.569512128829956,0.03126668930053711,0.06291651725769043,4.578158617019653,4.699820518493652
sample 341,2.7782514095306396,1.5236523151397705,0.03134632110595703,0.1151885986328125,4.70944356918335,4.61959981918335
sample 342,2.7442190647125244,1.4344604015350342,0.013509988784790039,0.06250953674316406,4.372815370559692,4.679864883422852
sample 343,2.773413896560669,1.527775764465332,0.02268815040588379,0.13808751106262207,4.646133184432983,4.651176929473877
sample 344,2.7753803730010986,1.5001146793365479,0.005040407180786133,0.06251168251037598,4.544674873352051,4.707099199295044
sample 345,2.8752694129943848,1.402517557144165,0.01572132110595703,0.06300878524780273,4.626036643981934,4.824864149093628
sample 346,2.761518716812134,1.6179637908935547,0.031244754791259766,0.1422278881072998,4.497648239135742,4.39197564125061
sample 347,2.845916986465454,1.4910473823547363,0.02555561065673828,0.06288361549377441,4.530995607376099,4.717648029327393
sample 348,2.743708372116089,1.4828636646270752,0.015605688095092773,0.09424209594726562,4.546376705169678,4.633076906204224
sample 349,2.8133795261383057,1.6253833770751953,0.01731085777282715,0.09466338157653809,4.5098185539245605,4.728613615036011
sample 350,2.8097219467163086,1.683121681213379,0.03576779365539551,0.10572147369384766,4.6253814697265625,4.653669595718384
sample 351,2.676708936691284,1.4834682941436768,0.015609264373779297,0.07850980758666992,4.695023059844971,4.674336194992065
sample 352,2.7301785945892334,1.4642724990844727,0.015630245208740234,0.06279635429382324,4.778190612792969,4.712191820144653
sample 353,2.819791793823242,1.6791203022003174,0.010610580444335938,0.0680994987487793,4.606449604034424,4.732620477676392
sample 354,2.7957351207733154,1.513662338256836,0.016052961349487305,0.07821345329284668,4.696307182312012,4.758116960525513
sample 355,2.7955758571624756,1.6172826290130615,0.0,0.06307435035705566,4.3269946575164795,4.685006856918335
sample 356,2.787301540374756,1.5992681980133057,0.015619277954101562,0.10972261428833008,4.590766906738281,4.685090780258179
sample 357,2.807112455368042,1.4338963031768799,0.03195619583129883,0.13373184204101562,4.625476121902466,4.652220010757446
sample 358,2.7273871898651123,1.519284725189209,0.0,0.06249237060546875,4.655062913894653,4.660591125488281
sample 359,2.7899858951568604,1.639357566833496,0.01563715934753418,0.062497854232788086,4.783107757568359,4.501504182815552
sample 360,2.727668285369873,1.4470157623291016,0.024866342544555664,0.08190298080444336,4.55290961265564,4.684342861175537
sample 361,2.807053804397583,1.5727477073669434,0.01563858985900879,0.10979795455932617,4.1485655307769775,4.6584632396698
sample 362,2.7647807598114014,1.5261039733886719,0.03128933906555176,0.11221671104431152,4.300971984863281,4.666391372680664
sample 363,2.738892078399658,1.3736133575439453,0.014508247375488281,0.0856473445892334,4.510974168777466,4.712963342666626
sample 364,2.7836952209472656,1.474853277206421,0.015633583068847656,0.06289553642272949,4.4542505741119385,4.658100128173828
sample 365,2.7535884380340576,1.6325609683990479,0.03126168251037598,0.06805825233459473,4.610438346862793,4.8655104637146
sample 366,2.796048879623413,1.598191738128662,0.0,0.06287908554077148,4.519759178161621,4.705695390701294
sample 367,2.753153085708618,1.5250263214111328,0.020742416381835938,0.0583338737487793,4.668262958526611,4.666540145874023
sample 368,2.7536492347717285,1.7220005989074707,0.0,0.07851648330688477,4.627484560012817,4.490700721740723
sample 369,2.823901653289795,1.5101168155670166,0.008679389953613281,0.05432438850402832,4.613281488418579,4.637737035751343
sample 370,2.7779510021209717,1.3441576957702637,0.031239032745361328,0.06289815902709961,4.609408617019653,4.660097122192383
sample 371,2.8055484294891357,1.5059013366699219,0.03168630599975586,0.13037323951721191,4.582441329956055,4.557931184768677
sample 372,2.750767230987549,1.4886624813079834,0.0312650203704834,0.10773563385009766,4.553700923919678,4.805461168289185
sample 373,2.686938524246216,1.4649851322174072,0.031126022338867188,0.0628974437713623,4.675438404083252,4.567795753479004
sample 374,2.765468120574951,1.500586748123169,0.015642166137695312,0.08265209197998047,4.631643295288086,4.782871723175049
sample 375,2.7763612270355225,1.5521924495697021,0.015510320663452148,0.06250977516174316,4.639134407043457,4.686115980148315
sample 376,2.7734906673431396,1.6666886806488037,0.015622854232788086,0.06283283233642578,4.500009298324585,4.744635820388794
sample 377,2.8212201595306396,1.6518776416778564,0.0057201385498046875,0.12417221069335938,4.258549690246582,4.704268932342529
sample 378,2.788853168487549,1.568570852279663,0.015623092651367188,0.06711363792419434,4.511517286300659,4.694002866744995
sample 379,2.774366855621338,1.7584078311920166,0.015735149383544922,0.05912899971008301,4.667810678482056,4.588459253311157
sample 380,2.762019395828247,1.5223643779754639,0.016018390655517578,0.07813525199890137,4.677018880844116,4.701170921325684
sample 381,2.735272169113159,1.420513391494751,0.01607346534729004,0.09023547172546387,4.60346245765686,4.437246322631836
sample 382,2.755507230758667,1.5497386455535889,0.03126168251037598,0.0629880428314209,4.679010629653931,4.64262318611145
sample 383,2.748821496963501,1.4899733066558838,0.015620946884155273,0.06290006637573242,4.648969888687134,4.67495322227478
sample 384,2.790336847305298,1.4780173301696777,0.01603555679321289,0.07500290870666504,4.61745023727417,4.646465063095093
sample 385,2.547942876815796,1.6908774375915527,0.03134894371032715,0.12230515480041504,4.644031763076782,4.6831440925598145
sample 386,2.7932369709014893,1.303637981414795,0.010510444641113281,0.0781400203704834,4.65681529045105,4.716837406158447
sample 387,2.801269292831421,1.6326572895050049,0.00690770149230957,0.0622866153717041,4.6920905113220215,4.721372842788696
sample 388,2.7830111980438232,1.657848834991455,0.015619277954101562,0.1230771541595459,4.623982906341553,4.700673341751099
sample 389,2.7783055305480957,1.3534083366394043,0.015619039535522461,0.09418082237243652,4.629849195480347,4.675668716430664
sample 390,2.7820005416870117,1.5256731510162354,0.031247377395629883,0.1062784194946289,4.425158977508545,4.613746404647827
sample 391,2.761740207672119,1.5497114658355713,0.031705379486083984,0.07813620567321777,4.548603534698486,4.6385438442230225
sample 392,2.788480281829834,1.4111089706420898,0.01561594009399414,0.06291341781616211,4.542836666107178,4.8539018630981445
sample 393,2.7720675468444824,1.6011922359466553,0.01561427116394043,0.09416961669921875,4.5599284172058105,4.626367092132568
sample 394,2.782642364501953,1.4858667850494385,0.00951695442199707,0.06251192092895508,4.672637939453125,4.748332977294922
sample 395,2.633707046508789,1.5622444152832031,0.015610218048095703,0.06289792060852051,4.628106594085693,4.70538854598999
sample 396,2.802863597869873,1.3831796646118164,0.031250953674316406,0.11809206008911133,4.706894159317017,4.644754648208618
sample 397,2.7403695583343506,1.5729594230651855,0.031262874603271484,0.10999917984008789,4.641620397567749,4.7520835399627686
sample 398,2.785815954208374,1.6312408447265625,0.0,0.07860136032104492,4.668295383453369,4.674272060394287
sample 399,2.775895595550537,1.6348559856414795,0.029406070709228516,0.10871315002441406,4.47060227394104,4.762444019317627
sample 400,2.759791612625122,1.6716711521148682,0.015661954879760742,0.07917213439941406,4.521432876586914,4.726156711578369
sample 401,2.7772395610809326,1.6031866073608398,0.00901484489440918,0.07813715934753418,4.552814722061157,4.737386465072632
sample 402,2.8295981884002686,1.6333773136138916,0.016137361526489258,0.1231224536895752,4.4951629638671875,4.720688581466675
sample 403,2.862985610961914,1.6198358535766602,0.01571965217590332,0.06541204452514648,4.66478157043457,4.503943681716919
sample 404,2.7669732570648193,1.4658088684082031,0.000896453857421875,0.07790780067443848,4.554439067840576,4.642229318618774
sample 405,2.7356042861938477,1.5968122482299805,0.015721559524536133,0.06282186508178711,4.561976194381714,4.706518650054932
sample 406,2.8314549922943115,1.59498929977417,0.014008522033691406,0.06250858306884766,4.779286861419678,4.670683145523071
sample 407,2.7475461959838867,1.528123378753662,0.03165006637573242,0.06251215934753418,4.6178834438323975,4.675830364227295
sample 408,2.709115982055664,1.4114751815795898,0.031245708465576172,0.06794142723083496,4.703104019165039,4.7271857261657715
sample 409,2.7900490760803223,1.4493649005889893,0.016022443771362305,0.12547850608825684,4.694606781005859,4.629080533981323
sample 410,2.775787115097046,1.6972589492797852,0.015640735626220703,0.1259140968322754,4.483705759048462,4.613311052322388
sample 411,2.7992963790893555,1.5457022190093994,0.015618562698364258,0.09425473213195801,4.309535980224609,4.691412687301636
sample 412,2.8413093090057373,1.4771955013275146,0.015623807907104492,0.06290173530578613,4.126223087310791,4.6181418895721436
sample 413,2.783975601196289,1.438262939453125,0.031672000885009766,0.1097869873046875,4.681589603424072,4.8551318645477295
sample 414,2.7360785007476807,1.296856164932251,0.031249046325683594,0.09419727325439453,4.419889211654663,4.707274675369263
sample 415,2.754373073577881,1.5311994552612305,0.0156097412109375,0.07559037208557129,4.611555814743042,4.742927312850952
sample 416,2.7745285034179688,1.4324257373809814,0.0,0.07852983474731445,4.66547966003418,4.518808603286743
sample 417,2.815478563308716,1.5521435737609863,0.016024351119995117,0.06250739097595215,4.467477560043335,4.5937416553497314
sample 418,2.7985262870788574,1.525146722793579,0.0,0.062491655349731445,4.47300910949707,4.679558753967285
sample 419,2.780433177947998,1.6098601818084717,0.023660898208618164,0.07888913154602051,4.674519300460815,4.865523815155029
sample 420,2.784572124481201,1.675809383392334,0.0156252384185791,0.06295013427734375,4.599144458770752,4.7136619091033936
sample 421,2.748906373977661,1.6497206687927246,0.015621423721313477,0.07891654968261719,4.443395137786865,4.704648017883301
sample 422,2.7972021102905273,1.6571524143218994,0.009027242660522461,0.06336712837219238,4.6108081340789795,4.628660202026367
sample 423,2.7333271503448486,1.461146354675293,0.015622138977050781,0.06293821334838867,4.660461187362671,4.756026744842529
sample 424,2.779573678970337,1.6176385879516602,0.015618562698364258,0.06286811828613281,4.613603353500366,4.551787853240967
sample 425,2.777582883834839,1.633193016052246,0.01551365852355957,0.11022520065307617,4.614716053009033,4.66528844833374
sample 426,2.748054027557373,1.618218183517456,0.031281471252441406,0.07858967781066895,4.691133737564087,4.662742853164673
sample 427,2.780161142349243,1.3870701789855957,0.012926340103149414,0.05942344665527344,4.112586259841919,4.599002361297607
sample 428,2.8131141662597656,1.555002212524414,0.0,0.07856941223144531,4.4148945808410645,4.723729133605957
sample 429,2.783247470855713,1.8165600299835205,0.03127169609069824,0.06288909912109375,4.6774208545684814,4.757630825042725
sample 430,2.7963504791259766,1.4752790927886963,0.019638776779174805,0.05889582633972168,4.614738464355469,4.71099853515625
sample 431,2.7043206691741943,1.632925271987915,0.016068220138549805,0.09064435958862305,4.585287094116211,4.711189270019531
sample 432,2.7960281372070312,1.3829314708709717,0.0,0.06289315223693848,4.592363119125366,4.584765434265137
sample 433,2.7934229373931885,1.6640479564666748,0.01563882827758789,0.06249690055847168,4.766281366348267,4.695533275604248
sample 434,2.7717370986938477,1.6436195373535156,0.015714645385742188,0.07862520217895508,4.5977256298065186,4.631791591644287
sample 435,2.7807915210723877,1.4612858295440674,0.0317075252532959,0.1331648826599121,4.607259273529053,4.679516553878784
sample 436,2.799745798110962,1.5827670097351074,0.031639814376831055,0.07813906669616699,4.7111475467681885,4.6449830532073975
sample 437,2.7626495361328125,1.56978440284729,0.03125143051147461,0.07854294776916504,4.599068880081177,4.647066354751587
sample 438,2.749812126159668,1.4915993213653564,0.015639066696166992,0.11043763160705566,4.6644134521484375,4.78914213180542
sample 439,2.730799913406372,1.6955173015594482,0.03168821334838867,0.08012723922729492,4.626959323883057,4.8798627853393555
sample 440,2.779934883117676,1.6343231201171875,0.01604318618774414,0.07814168930053711,4.488145112991333,4.664492130279541
sample 441,2.7641243934631348,1.3983700275421143,0.03165698051452637,0.12628555297851562,4.598633050918579,4.661716461181641
sample 442,2.7808096408843994,1.524277687072754,0.015662431716918945,0.06293582916259766,4.687950372695923,4.645524501800537
sample 443,2.795412540435791,1.5593926906585693,0.02666306495666504,0.06249642372131348,4.598150014877319,4.743021726608276
sample 444,2.763852834701538,1.6184570789337158,0.03171849250793457,0.06248307228088379,4.502341032028198,4.77106237411499
sample 445,2.763176679611206,1.3969039916992188,0.016067981719970703,0.07813477516174316,4.539733409881592,4.709095001220703
sample 446,2.7634732723236084,1.548506498336792,0.00700831413269043,0.08314228057861328,4.6703760623931885,4.75742506980896
sample 447,2.7787880897521973,1.3354284763336182,0.01574993133544922,0.046796321868896484,4.661221981048584,4.680269479751587
sample 448,2.781491994857788,1.5850865840911865,0.031235218048095703,0.07852482795715332,4.61712646484375,4.581220388412476
sample 449,2.7800474166870117,1.4455151557922363,0.015727758407592773,0.09405994415283203,4.489111423492432,4.678983449935913
sample 450,2.7975926399230957,1.5067615509033203,0.015658140182495117,0.09412479400634766,4.690342664718628,4.427288293838501
sample 451,2.608107566833496,1.6326658725738525,0.015617609024047852,0.06289410591125488,4.580981016159058,4.726094484329224
sample 452,2.7339043617248535,1.3688626289367676,0.013009309768676758,0.06252193450927734,4.6150124073028564,4.629528522491455
sample 453,2.7633185386657715,1.333411693572998,0.031717538833618164,0.1097872257232666,4.785398483276367,4.666152000427246
sample 454,2.7983479499816895,1.4913558959960938,0.01562190055847168,0.07862186431884766,4.662392616271973,4.678001403808594
sample 455,2.858771800994873,1.6191749572753906,0.031229734420776367,0.07853579521179199,4.676983594894409,4.712733745574951
sample 456,2.8114054203033447,1.507425308227539,0.015639543533325195,0.09677267074584961,4.610945224761963,4.728545665740967
sample 457,2.764385461807251,1.6482694149017334,0.031758785247802734,0.06279158592224121,4.695174932479858,4.723718881607056
sample 458,2.784234046936035,1.4142837524414062,0.01560664176940918,0.06296896934509277,4.6164164543151855,4.695994853973389
sample 459,2.77992844581604,1.585237741470337,0.031232833862304688,0.11436104774475098,4.660211801528931,4.724079608917236
sample 460,2.794356107711792,1.428344964981079,0.015622377395629883,0.10820603370666504,4.771322011947632,4.708250284194946
sample 461,2.7796967029571533,1.639801263809204,0.023659467697143555,0.08283114433288574,4.57638144493103,4.672606706619263
sample 462,2.7802770137786865,1.4294631481170654,0.014600038528442383,0.11038017272949219,4.666343688964844,4.64168119430542
sample 463,2.779587507247925,1.6501142978668213,0.015621185302734375,0.06296300888061523,4.598658084869385,4.6478588581085205
sample 464,2.8249759674072266,1.7119956016540527,0.0157015323638916,0.07855772972106934,4.645259857177734,4.616785049438477
sample 465,2.7916014194488525,1.5696897506713867,0.015622138977050781,0.11004233360290527,4.703120470046997,4.708836078643799
sample 466,2.7809112071990967,1.6611504554748535,0.003114938735961914,0.07813620567321777,4.534945964813232,4.846304178237915
sample 467,2.8116378784179688,1.4597523212432861,0.015680551528930664,0.062490224838256836,4.633601665496826,4.711730718612671
sample 468,2.731537342071533,1.0986788272857666,0.0,0.06249856948852539,4.4897027015686035,4.6751744747161865
sample 469,2.7987895011901855,1.5768754482269287,0.009011268615722656,0.06250977516174316,4.596351146697998,4.712462425231934
sample 470,2.770151376724243,1.4294602870941162,0.015640735626220703,0.06290054321289062,4.681105613708496,4.689285039901733
sample 471,2.7803478240966797,1.428626298904419,0.03145861625671387,0.07819342613220215,4.630260705947876,4.6935389041900635
sample 472,2.811387062072754,1.5054216384887695,0.003511190414428711,0.10979223251342773,4.600476980209351,4.61266565322876
sample 473,2.7634239196777344,1.6653907299041748,0.03135538101196289,0.06229734420776367,4.617845296859741,4.816076040267944
sample 474,2.7649223804473877,1.5717012882232666,0.015520811080932617,0.06300830841064453,4.611229181289673,4.676076412200928
sample 475,2.8054802417755127,1.4035756587982178,0.0316774845123291,0.06841230392456055,4.704463720321655,4.744561672210693
sample 476,2.778778076171875,1.5378615856170654,0.016613245010375977,0.09395837783813477,4.625992774963379,4.675227403640747
sample 477,2.7809369564056396,1.663304328918457,0.01564955711364746,0.10627198219299316,4.664595127105713,4.589827299118042
sample 478,2.857091188430786,1.633598804473877,0.015010833740234375,0.06251287460327148,4.614204168319702,4.644842624664307
sample 479,2.7659709453582764,1.4281909465789795,0.015654325485229492,0.1046607494354248,4.557331800460815,4.678950309753418
sample 480,2.7806005477905273,1.691901445388794,0.0347902774810791,0.08007502555847168,4.784207582473755,4.59700345993042
sample 481,2.780137062072754,1.491523265838623,0.015614509582519531,0.12193655967712402,4.634386777877808,4.6780312061309814
sample 482,2.7665762901306152,1.5242438316345215,0.031229496002197266,0.06289863586425781,4.626844882965088,4.776771783828735
sample 483,2.779768943786621,1.4132142066955566,0.03128361701965332,0.12549138069152832,4.581492900848389,4.660145044326782
sample 484,2.7961976528167725,1.4615726470947266,0.01560211181640625,0.06239581108093262,4.626120567321777,4.6898884773254395
sample 485,2.7341244220733643,1.459040880203247,0.016020774841308594,0.0625159740447998,4.5981669425964355,4.6944580078125
sample 486,2.7644476890563965,1.7109830379486084,0.015642166137695312,0.07851409912109375,4.611223936080933,4.743448495864868
sample 487,2.780235528945923,1.4288508892059326,0.01561880111694336,0.06287765502929688,4.692776918411255,4.6742262840271
sample 488,2.764256477355957,1.6353552341461182,0.03122997283935547,0.11997580528259277,4.668904542922974,4.711946487426758
sample 489,2.797257661819458,1.6951487064361572,0.03124547004699707,0.11011052131652832,4.567624568939209,4.729211091995239
sample 490,2.7652413845062256,1.5692965984344482,0.03170156478881836,0.11344289779663086,4.548889636993408,4.645003795623779
sample 491,2.781202554702759,1.5228750705718994,0.01576828956604004,0.07813882827758789,4.625533103942871,4.678159236907959
sample 492,2.7798452377319336,1.4144270420074463,0.015666484832763672,0.06295061111450195,4.6126134395599365,4.451369762420654
sample 493,2.6854817867279053,1.4972784519195557,0.01256108283996582,0.0630028247833252,4.531392574310303,4.8045876026153564
sample 494,2.6872849464416504,1.6513679027557373,0.027788877487182617,0.09579896926879883,4.545322418212891,4.724931716918945
sample 495,2.7632594108581543,1.5119283199310303,0.011688232421875,0.06263136863708496,4.658468961715698,4.616894483566284
sample 496,2.8123269081115723,1.4918849468231201,0.015621185302734375,0.04726719856262207,4.583116054534912,4.678260326385498
sample 497,2.781240463256836,1.4130151271820068,0.031342506408691406,0.06291794776916504,4.586740016937256,4.692921161651611
sample 498,2.778850793838501,1.4279820919036865,0.022109031677246094,0.05639338493347168,4.6339781284332275,4.741769075393677
sample 499,2.7984914779663086,1.4759652614593506,0.03241133689880371,0.06213736534118652,4.647099494934082,4.649059534072876
sample 500,2.746950387954712,1.6326217651367188,0.01562047004699707,0.06250190734863281,4.664333343505859,4.871602296829224
